id,first_name,last_name,email,gender
1,Gwennie,Venneur,gvenneur0@psu.edu,Female
2,Aubine,MacInnes,amacinnes1@cdc.gov,Female
3,Trumann,Fortesquieu,tfortesquieu2@europa.eu,Male
4,Jo ann,Paolotto,jpaolotto3@github.com,Polygender
5,Brien,Jerrard,bjerrard4@pbs.org,Male
6,Rob,Jahnisch,rjahnisch5@weebly.com,Male
7,Krystyna,Patshull,kpatshull6@nasa.gov,Female
8,Lesley,Derges,lderges7@bluehost.com,Female
9,Boonie,Sweetland,bsweetland8@google.de,Male
10,Timmi,Finn,tfinn9@amazon.co.uk,Female
11,Page,Trusler,ptruslera@dion.ne.jp,Female
12,Brigham,Danslow,bdanslowb@who.int,Male
13,Jordana,Spedroni,jspedronic@de.vu,Female
14,Marillin,Reignard,mreignardd@wiley.com,Female
15,Kendricks,MacMeeking,kmacmeekinge@techcrunch.com,Male
16,Gerri,Cutteridge,gcutteridgef@alexa.com,Female
17,Dylan,Cheesworth,dcheesworthg@ifeng.com,Male
18,Rivi,Brickell,rbrickellh@elegantthemes.com,Female
19,Eartha,Gartenfeld,egartenfeldi@tiny.cc,Non-binary
20,Elysee,Copcutt,ecopcuttj@lulu.com,Female
21,Nicola,McGown,nmcgownk@odnoklassniki.ru,Polygender
22,Pollyanna,Spight,pspightl@dagondesign.com,Female
23,Andrew,Ravenhills,aravenhillsm@slideshare.net,Male
24,Carmine,Caberas,ccaberasn@pbs.org,Bigender
25,Cherie,Ambrosoli,cambrosolio@addthis.com,Female
26,Howie,Zecchinelli,hzecchinellip@sohu.com,Genderfluid
27,Gaspar,Baudouin,gbaudouinq@qq.com,Male
28,Ker,Kadd,kkaddr@stanford.edu,Male
29,Nicolas,Whittaker,nwhittakers@chron.com,Male
30,Dulcy,Duinbleton,dduinbletont@wsj.com,Female
31,Peyton,Cardenosa,pcardenosau@vinaora.com,Male
32,Karlan,Spry,kspryv@who.int,Male
33,Devi,Titman,dtitmanw@gnu.org,Female
34,Petrina,Croson,pcrosonx@youku.com,Female
35,Ardenia,Yansons,ayansonsy@shutterfly.com,Female
36,Kerry,Lewcock,klewcockz@scribd.com,Male
37,Georgena,Calvie,gcalvie10@360.cn,Female
38,Lorita,Lias,llias11@psu.edu,Female
39,Heddie,McGiff,hmcgiff12@marketwatch.com,Female
40,Gretchen,Coxhell,gcoxhell13@google.co.uk,Female
41,Rodrick,Clarkin,rclarkin14@istockphoto.com,Male
42,Robby,Grealy,rgrealy15@last.fm,Female
43,Chip,Soughton,csoughton16@printfriendly.com,Genderfluid
44,Corty,Goodbar,cgoodbar17@tripod.com,Male
45,Melisandra,Rimer,mrimer18@nydailynews.com,Female
46,Colas,Ridings,cridings19@berkeley.edu,Male
47,Arie,Warfield,awarfield1a@cnbc.com,Male
48,Karlan,Averill,kaverill1b@furl.net,Polygender
49,Boyd,Eyeington,beyeington1c@infoseek.co.jp,Male
50,Esme,Doveston,edoveston1d@newyorker.com,Male
51,Edvard,Bolley,ebolley1e@weather.com,Male
52,Carroll,Redding,credding1f@apache.org,Male
53,Sal,Gegg,sgegg1g@cbc.ca,Female
54,Georgianna,Simonian,gsimonian1h@ameblo.jp,Female
55,Boot,Rospars,brospars1i@eepurl.com,Male
56,Donny,Ager,dager1j@smugmug.com,Female
57,Colby,Flacknell,cflacknell1k@freewebs.com,Non-binary
58,Woody,Elner,welner1l@behance.net,Male
59,Olympia,Criag,ocriag1m@loc.gov,Female
60,Hugibert,Wedderburn,hwedderburn1n@geocities.com,Male
61,Griffie,Taggert,gtaggert1o@foxnews.com,Male
62,Brigham,Bouller,bbouller1p@dyndns.org,Male
63,Sterne,Downham,sdownham1q@ameblo.jp,Male
64,Alessandra,Figge,afigge1r@japanpost.jp,Female
65,Veronika,Quodling,vquodling1s@ehow.com,Female
66,Danny,Keaveny,dkeaveny1t@yahoo.com,Male
67,Catie,Fillingham,cfillingham1u@ca.gov,Female
68,Neddy,Deane,ndeane1v@mail.ru,Male
69,Erik,Megainey,emegainey1w@oaic.gov.au,Male
70,Sarena,Howarth,showarth1x@goodreads.com,Female
71,Arden,Ridesdale,aridesdale1y@springer.com,Female
72,Maison,Christiensen,mchristiensen1z@sourceforge.net,Male
73,Tait,Toothill,ttoothill20@elpais.com,Male
74,Geralda,Ronchka,gronchka21@phoca.cz,Female
75,Livy,Brainsby,lbrainsby22@hud.gov,Female
76,Giovanni,Langhorne,glanghorne23@dell.com,Male
77,Padraic,Hickisson,phickisson24@china.com.cn,Male
78,Howey,Martland,hmartland25@slideshare.net,Polygender
79,Bendicty,Cringle,bcringle26@woothemes.com,Genderqueer
80,Anitra,Clemente,aclemente27@rediff.com,Female
81,Guglielma,MacDaid,gmacdaid28@nifty.com,Female
82,Arleta,Wabe,awabe29@technorati.com,Female
83,Jillane,Grayston,jgrayston2a@cisco.com,Female
84,Joanie,Winspear,jwinspear2b@dailymail.co.uk,Female
85,Padget,Springett,pspringett2c@youtube.com,Male
86,Carlota,Blaisdell,cblaisdell2d@aboutads.info,Female
87,Maynard,Officer,mofficer2e@wiley.com,Male
88,Normand,Leadley,nleadley2f@goodreads.com,Male
89,Fraser,O'Fallowne,fofallowne2g@uiuc.edu,Male
90,Zorina,Belliss,zbelliss2h@dailymotion.com,Female
91,Alvina,Schmidt,aschmidt2i@apple.com,Female
92,Zelig,McKeighan,zmckeighan2j@pbs.org,Male
93,Allsun,Lawden,alawden2k@facebook.com,Female
94,Camella,Darque,cdarque2l@tinyurl.com,Female
95,Zachariah,Brothwell,zbrothwell2m@wsj.com,Polygender
96,Giustino,Withnall,gwithnall2n@flavors.me,Male
97,Rickie,Gulland,rgulland2o@tripadvisor.com,Male
98,Darcie,Marham,dmarham2p@theguardian.com,Female
99,Darryl,Pantry,dpantry2q@sitemeter.com,Female
100,Lonnie,Fibbens,lfibbens2r@hexun.com,Genderqueer
101,Emmery,Tosney,etosney2s@oracle.com,Male
102,Berta,Rigts,brigts2t@time.com,Female
103,Kerk,Michel,kmichel2u@gov.uk,Male
104,Ede,Fenna,efenna2v@java.com,Non-binary
105,Chiarra,Smorthit,csmorthit2w@ox.ac.uk,Female
106,Sauveur,Schuricke,sschuricke2x@businessweek.com,Male
107,Rube,Edwards,redwards2y@eventbrite.com,Male
108,Chloe,Venart,cvenart2z@alibaba.com,Female
109,Justine,Geldert,jgeldert30@fastcompany.com,Female
110,Alexandro,January 1st,ajanuaryst31@java.com,Male
111,Stanly,Dartnell,sdartnell32@comcast.net,Male
112,Carina,Ioselevich,cioselevich33@statcounter.com,Female
113,Giustino,Inggall,ginggall34@drupal.org,Male
114,Candida,Darwin,cdarwin35@vistaprint.com,Female
115,Allissa,Scardifeild,ascardifeild36@live.com,Genderfluid
116,Haley,Cabrera,hcabrera37@foxnews.com,Genderfluid
117,Stirling,Slater,sslater38@ibm.com,Male
118,Lesly,Louisot,llouisot39@psu.edu,Female
119,Brnaba,Broggetti,bbroggetti3a@google.com.br,Male
120,Violante,Djurisic,vdjurisic3b@sun.com,Female
121,Farrand,Cammell,fcammell3c@chicagotribune.com,Female
122,Rowland,Stillgoe,rstillgoe3d@google.com.br,Male
123,Poppy,Halversen,phalversen3e@ocn.ne.jp,Female
124,Huntington,Crumley,hcrumley3f@ovh.net,Male
125,Jewelle,Paulich,jpaulich3g@epa.gov,Female
126,Carlo,Soot,csoot3h@blogger.com,Male
127,Tammi,Meller,tmeller3i@loc.gov,Female
128,Adelice,Randals,arandals3j@php.net,Female
129,Clareta,Messam,cmessam3k@archive.org,Female
130,Marcile,Ashling,mashling3l@php.net,Female
131,Zola,Rolling,zrolling3m@weibo.com,Genderfluid
132,Brewer,Blagdon,bblagdon3n@cdbaby.com,Male
133,Johnath,O'Hear,johear3o@is.gd,Female
134,Magda,Archbold,marchbold3p@bandcamp.com,Female
135,Olin,Coggell,ocoggell3q@spotify.com,Male
136,Consolata,Steffan,csteffan3r@mtv.com,Female
137,Martynne,Armin,marmin3s@constantcontact.com,Female
138,Saw,Stonuary,sstonuary3t@senate.gov,Male
139,Marylee,Kareman,mkareman3u@smugmug.com,Female
140,Raviv,Neiland,rneiland3v@state.gov,Male
141,Klaus,Cleworth,kcleworth3w@dailymotion.com,Male
142,Petronia,Paylie,ppaylie3x@hexun.com,Female
143,Michail,Simka,msimka3y@liveinternet.ru,Male
144,Brit,Guidone,bguidone3z@samsung.com,Male
145,Jason,Cramer,jcramer40@meetup.com,Male
146,Avery,Voce,avoce41@opera.com,Male
147,Dyann,Scadding,dscadding42@t-online.de,Female
148,Euphemia,Soitoux,esoitoux43@ucoz.ru,Female
149,Britteny,Saveall,bsaveall44@cisco.com,Female
150,Bail,MacCartan,bmaccartan45@is.gd,Genderqueer
151,Stillmann,Janney,sjanney46@merriam-webster.com,Male
152,Celinka,Sunley,csunley47@sfgate.com,Female
153,Samuele,Jiruch,sjiruch48@adobe.com,Male
154,Lindsy,Goodbur,lgoodbur49@businessweek.com,Female
155,Lanie,Winters,lwinters4a@usda.gov,Male
156,Tara,Vankeev,tvankeev4b@sina.com.cn,Female
157,Johnna,Gaenor,jgaenor4c@reddit.com,Female
158,Melita,Bengough,mbengough4d@freewebs.com,Female
159,Gipsy,Gaddie,ggaddie4e@washingtonpost.com,Female
160,Lovell,Rate,lrate4f@forbes.com,Male
161,Mitchael,Edy,medy4g@jalbum.net,Male
162,Randie,Semmence,rsemmence4h@psu.edu,Male
163,Stillman,Millwater,smillwater4i@sogou.com,Male
164,Andria,Attaway,aattaway4j@amazon.co.jp,Female
165,Berrie,Faye,bfaye4k@mediafire.com,Female
166,Mischa,Cohani,mcohani4l@irs.gov,Male
167,Bronny,Hallums,bhallums4m@cnet.com,Male
168,Levon,Pinfold,lpinfold4n@joomla.org,Male
169,Shir,Hands,shands4o@ft.com,Non-binary
170,Violetta,Chalcot,vchalcot4p@howstuffworks.com,Female
171,Zane,Bullier,zbullier4q@issuu.com,Male
172,Dickie,Bedding,dbedding4r@goodreads.com,Male
173,Dino,Kinneir,dkinneir4s@oaic.gov.au,Male
174,Paulo,Lucian,plucian4t@cornell.edu,Male
175,Dotti,Labrow,dlabrow4u@vinaora.com,Female
176,Annissa,Newson,anewson4v@springer.com,Genderqueer
177,Gusta,Baser,gbaser4w@epa.gov,Female
178,Bernadina,Ayars,bayars4x@redcross.org,Female
179,Connie,Marrow,cmarrow4y@whitehouse.gov,Female
180,Alane,Kalvin,akalvin4z@liveinternet.ru,Female
181,Florry,Larham,flarham50@china.com.cn,Female
182,Henrietta,Dewan,hdewan51@ebay.com,Female
183,Kipp,Crawshay,kcrawshay52@elpais.com,Female
184,Lamont,Royden,lroyden53@gov.uk,Male
185,Estrella,Calyton,ecalyton54@privacy.gov.au,Female
186,Skippie,Tithecott,stithecott55@bbb.org,Male
187,Hillary,McCord,hmccord56@woothemes.com,Female
188,Morly,Mosten,mmosten57@tinyurl.com,Male
189,Adrian,Steenson,asteenson58@theguardian.com,Male
190,Jermain,Verchambre,jverchambre59@360.cn,Male
191,Eddie,Brechin,ebrechin5a@blog.com,Male
192,Berthe,Echlin,bechlin5b@ucla.edu,Female
193,Elwira,Gabel,egabel5c@ning.com,Female
194,Melantha,Gravenell,mgravenell5d@amazon.de,Agender
195,Merci,Trumpeter,mtrumpeter5e@hugedomains.com,Female
196,Danni,Grammer,dgrammer5f@tripadvisor.com,Genderqueer
197,Lurline,Olyunin,lolyunin5g@ucoz.com,Female
198,Sarene,Macieiczyk,smacieiczyk5h@blogspot.com,Female
199,Shurwood,Gosneye,sgosneye5i@time.com,Polygender
200,Andreas,Corpe,acorpe5j@amazon.de,Male
201,Marie,Ravenscraft,mravenscraft5k@about.com,Female
202,Brand,Meus,bmeus5l@networksolutions.com,Male
203,Annamarie,Champness,achampness5m@xinhuanet.com,Female
204,Dedra,Boutton,dboutton5n@infoseek.co.jp,Female
205,Jervis,Ferreo,jferreo5o@hatena.ne.jp,Male
206,Sibilla,Blomfield,sblomfield5p@github.io,Female
207,Tymothy,Lewsley,tlewsley5q@statcounter.com,Agender
208,Sawyere,Murison,smurison5r@apache.org,Male
209,Weylin,Cragell,wcragell5s@bbc.co.uk,Male
210,Linzy,Hort,lhort5t@is.gd,Female
211,Dan,O'Crevy,docrevy5u@behance.net,Male
212,Marni,Johnikin,mjohnikin5v@gmpg.org,Female
213,Antin,Snawdon,asnawdon5w@odnoklassniki.ru,Male
214,Tabor,Collihole,tcollihole5x@github.com,Male
215,Parry,Ismay,pismay5y@smh.com.au,Male
216,Chev,Pidwell,cpidwell5z@newsvine.com,Male
217,Bartlet,Bendelow,bbendelow60@businesswire.com,Male
218,Ransom,Lusty,rlusty61@accuweather.com,Male
219,Zebadiah,Lusk,zlusk62@woothemes.com,Male
220,Caroline,Grzegorek,cgrzegorek63@blog.com,Female
221,Rhianon,Vaulkhard,rvaulkhard64@feedburner.com,Female
222,Waldemar,Lurcock,wlurcock65@reference.com,Male
223,Lethia,Kermode,lkermode66@163.com,Female
224,Harlan,Compton,hcompton67@constantcontact.com,Male
225,Joline,O'Spillane,jospillane68@admin.ch,Female
226,Rube,Bummfrey,rbummfrey69@umich.edu,Genderfluid
227,Raf,Udey,rudey6a@unesco.org,Female
228,Oliviero,Breens,obreens6b@drupal.org,Male
229,Rosaleen,Nanni,rnanni6c@tripadvisor.com,Female
230,Tuesday,Tures,ttures6d@macromedia.com,Female
231,Karen,Oller,koller6e@php.net,Female
232,Consolata,Reuther,creuther6f@yandex.ru,Female
233,Van,Kingman,vkingman6g@bigcartel.com,Male
234,Bendite,Old,bold6h@4shared.com,Female
235,Rheba,Buten,rbuten6i@cbslocal.com,Female
236,Svend,O' Finan,sofinan6j@scribd.com,Male
237,Vina,Damiral,vdamiral6k@hibu.com,Female
238,Daisi,Pogg,dpogg6l@disqus.com,Non-binary
239,Muriel,Paulmann,mpaulmann6m@walmart.com,Female
240,Jeth,Rossetti,jrossetti6n@hatena.ne.jp,Male
241,Saxon,McCarroll,smccarroll6o@ask.com,Male
242,Sheeree,Swinburne,sswinburne6p@google.com.hk,Female
243,Armand,Rubinov,arubinov6q@npr.org,Male
244,Lindy,Mollon,lmollon6r@example.com,Female
245,Gay,Emlin,gemlin6s@theguardian.com,Genderfluid
246,Grissel,Hallifax,ghallifax6t@salon.com,Female
247,Rena,Philipsohn,rphilipsohn6u@pbs.org,Female
248,Valdemar,Aindriu,vaindriu6v@rediff.com,Male
249,Torry,Pigot,tpigot6w@cdbaby.com,Male
250,Vally,Ward,vward6x@umn.edu,Female
251,Vivianna,Loughead,vloughead6y@dropbox.com,Female
252,Sara-ann,Rollo,srollo6z@slashdot.org,Female
253,Dimitri,Parade,dparade70@unc.edu,Male
254,Jud,Sirmon,jsirmon71@bing.com,Male
255,Darbee,Bacchus,dbacchus72@dmoz.org,Male
256,Aldwin,Dayment,adayment73@cyberchimps.com,Male
257,Merrick,Cockney,mcockney74@craigslist.org,Male
258,Phylys,Bracco,pbracco75@sun.com,Female
259,Eddie,Northwood,enorthwood76@chronoengine.com,Female
260,Renate,Handscomb,rhandscomb77@hhs.gov,Female
261,Joel,Bellee,jbellee78@yellowpages.com,Polygender
262,Ring,Berridge,rberridge79@fastcompany.com,Male
263,Elane,Pilbeam,epilbeam7a@theatlantic.com,Female
264,Faydra,Casina,fcasina7b@earthlink.net,Female
265,Yard,Carlisle,ycarlisle7c@ehow.com,Male
266,Findlay,Ricciardiello,fricciardiello7d@bloomberg.com,Male
267,Brade,Jaume,bjaume7e@behance.net,Male
268,Vincents,Swede,vswede7f@ucla.edu,Male
269,Marshal,Scully,mscully7g@icq.com,Male
270,Prentiss,Treslove,ptreslove7h@google.pl,Male
271,Corbin,Fearn,cfearn7i@cloudflare.com,Male
272,Zed,Brackenbury,zbrackenbury7j@usda.gov,Male
273,Othello,Juza,ojuza7k@chron.com,Male
274,Giovanna,Yuryichev,gyuryichev7l@seattletimes.com,Female
275,Rici,Mapes,rmapes7m@etsy.com,Bigender
276,Eleanor,De Filippis,edefilippis7n@behance.net,Female
277,Edy,Stuckley,estuckley7o@mashable.com,Genderqueer
278,Riannon,Edmonson,redmonson7p@nhs.uk,Female
279,Quent,Minchin,qminchin7q@dmoz.org,Male
280,Rutledge,Harbinson,rharbinson7r@shinystat.com,Male
281,Lynsey,Hawthorne,lhawthorne7s@plala.or.jp,Polygender
282,Sabrina,Biddles,sbiddles7t@fda.gov,Female
283,Raul,Dabbs,rdabbs7u@patch.com,Male
284,Nicolis,Bener,nbener7v@imageshack.us,Male
285,Dermot,Pietruschka,dpietruschka7w@vistaprint.com,Male
286,Cordell,Singers,csingers7x@mayoclinic.com,Male
287,Tabbie,Bartolomieu,tbartolomieu7y@about.com,Female
288,Sosanna,Bugdale,sbugdale7z@uol.com.br,Female
289,Anette,Bohman,abohman80@ft.com,Female
290,Marena,Hoogendorp,mhoogendorp81@tmall.com,Agender
291,Stefania,Yarmouth,syarmouth82@vk.com,Female
292,Umberto,Tring,utring83@businessinsider.com,Male
293,Isaiah,Oyley,ioyley84@sbwire.com,Male
294,Cecelia,Gino,cgino85@soup.io,Female
295,Kelbee,Cressey,kcressey86@pen.io,Male
296,Myriam,McIlveen,mmcilveen87@homestead.com,Female
297,Lexy,Dethloff,ldethloff88@marketwatch.com,Female
298,Reta,Novichenko,rnovichenko89@elpais.com,Female
299,Guthrey,Pelman,gpelman8a@deliciousdays.com,Male
300,Geri,St Pierre,gstpierre8b@linkedin.com,Female
301,Kimberli,Egglestone,kegglestone8c@google.es,Female
302,Craig,Commuzzo,ccommuzzo8d@youku.com,Male
303,Deina,Polland,dpolland8e@abc.net.au,Female
304,Townie,Huggin,thuggin8f@gmpg.org,Male
305,Benedict,Branscomb,bbranscomb8g@ibm.com,Male
306,Nathan,Fluit,nfluit8h@pagesperso-orange.fr,Male
307,Myrna,Arlott,marlott8i@vistaprint.com,Female
308,Vera,Daughtery,vdaughtery8j@360.cn,Female
309,Lilyan,Ussher,lussher8k@unblog.fr,Female
310,Darnall,Herley,dherley8l@4shared.com,Male
311,Arnold,Northedge,anorthedge8m@weather.com,Male
312,Mariana,Sussex,msussex8n@lycos.com,Female
313,Benita,Cogzell,bcogzell8o@t-online.de,Female
314,Sonnie,Clemonts,sclemonts8p@delicious.com,Genderqueer
315,Shea,Cradey,scradey8q@hexun.com,Female
316,Amara,Smail,asmail8r@miitbeian.gov.cn,Female
317,Reagen,Brislan,rbrislan8s@baidu.com,Male
318,Duncan,Knight,dknight8t@blinklist.com,Agender
319,Farra,Lerigo,flerigo8u@imgur.com,Female
320,Dilan,Farquhar,dfarquhar8v@yolasite.com,Male
321,Tyson,O'Duggan,toduggan8w@ucla.edu,Male
322,Lorinda,Sherwill,lsherwill8x@behance.net,Genderfluid
323,Ezequiel,Jindra,ejindra8y@marriott.com,Male
324,Joycelin,Aldine,jaldine8z@fotki.com,Female
325,Des,Grishinov,dgrishinov90@yolasite.com,Polygender
326,Harmon,Connichie,hconnichie91@bbc.co.uk,Male
327,Aaren,McCue,amccue92@addtoany.com,Female
328,Rockie,Djurkovic,rdjurkovic93@arizona.edu,Male
329,Irvine,Miranda,imiranda94@salon.com,Male
330,Gerty,Battleson,gbattleson95@buzzfeed.com,Female
331,Clevie,Wildber,cwildber96@macromedia.com,Male
332,Rey,Elderfield,relderfield97@ifeng.com,Female
333,Caresse,Davall,cdavall98@gravatar.com,Bigender
334,Friedrich,Springett,fspringett99@ebay.com,Male
335,Rosaleen,Blackborn,rblackborn9a@google.ca,Female
336,Amelie,Aymes,aaymes9b@foxnews.com,Female
337,Calli,Catmull,ccatmull9c@pinterest.com,Female
338,Harwilll,Hamlet,hhamlet9d@adobe.com,Male
339,Clemence,Dryden,cdryden9e@irs.gov,Genderqueer
340,Alejoa,Tuite,atuite9f@jimdo.com,Male
341,Whit,Kilfether,wkilfether9g@wired.com,Male
342,Yorgo,Ganter,yganter9h@studiopress.com,Male
343,Winonah,enzley,wenzley9i@gnu.org,Female
344,Horton,Hargitt,hhargitt9j@ox.ac.uk,Male
345,Mei,Stammer,mstammer9k@nsw.gov.au,Female
346,Avrom,Gallienne,agallienne9l@chicagotribune.com,Agender
347,Bertine,Ricson,bricson9m@tripod.com,Agender
348,Barry,Janodet,bjanodet9n@scientificamerican.com,Male
349,Daven,Doick,ddoick9o@etsy.com,Male
350,Brent,Dockrill,bdockrill9p@indiatimes.com,Male
351,Courtney,Iglesias,ciglesias9q@senate.gov,Male
352,Quent,Yearsley,qyearsley9r@paginegialle.it,Male
353,Jonathon,Cabedo,jcabedo9s@wikia.com,Male
354,Antony,Frostdick,afrostdick9t@wordpress.org,Male
355,Sylvester,Mumby,smumby9u@whitehouse.gov,Male
356,Leesa,Denziloe,ldenziloe9v@foxnews.com,Female
357,Vite,Karpets,vkarpets9w@domainmarket.com,Male
358,Carole,Blackney,cblackney9x@zdnet.com,Female
359,Vannie,Smidmor,vsmidmor9y@drupal.org,Female
360,Rhonda,Sibthorpe,rsibthorpe9z@oracle.com,Female
361,Happy,Duddell,hduddella0@biglobe.ne.jp,Female
362,Carmella,Kirtland,ckirtlanda1@yolasite.com,Genderfluid
363,Brandy,Waddilow,bwaddilowa2@home.pl,Male
364,Buddie,Haukey,bhaukeya3@mayoclinic.com,Male
365,Nedi,Takos,ntakosa4@ovh.net,Female
366,Farlie,Corns,fcornsa5@example.com,Male
367,Sayers,Sharply,ssharplya6@vistaprint.com,Male
368,Cathie,Romain,cromaina7@yolasite.com,Genderfluid
369,Tarah,Clemont,tclemonta8@wsj.com,Bigender
370,Gwyneth,Matzl,gmatzla9@unicef.org,Female
371,Ronnica,Harsnipe,rharsnipeaa@typepad.com,Bigender
372,Donall,Lias,dliasab@elegantthemes.com,Male
373,Caresa,Queripel,cqueripelac@studiopress.com,Female
374,Jaquelin,Jerrolt,jjerroltad@ebay.com,Female
375,Spense,Roubeix,sroubeixae@yahoo.co.jp,Male
376,Janis,Samwell,jsamwellaf@usgs.gov,Female
377,Mavra,Wingeatt,mwingeattag@cisco.com,Female
378,Martie,Gregolotti,mgregolottiah@yahoo.co.jp,Male
379,Kiele,Ashingden,kashingdenai@chron.com,Polygender
380,Mayne,Alderton,maldertonaj@topsy.com,Male
381,Stanfield,Chaffin,schaffinak@cnet.com,Male
382,Korey,Hebbard,khebbardal@weather.com,Male
383,Jodi,McCafferty,jmccaffertyam@answers.com,Female
384,Gratia,Allder,gallderan@shutterfly.com,Female
385,Edy,Dunguy,edunguyao@vistaprint.com,Genderqueer
386,Bren,Paterson,bpatersonap@yellowbook.com,Male
387,Kassandra,Kline,kklineaq@pagesperso-orange.fr,Female
388,Pavla,Jirak,pjirakar@mit.edu,Female
389,Breanne,Hawyes,bhawyesas@storify.com,Genderfluid
390,Devlin,Kirwan,dkirwanat@posterous.com,Male
391,Titus,Shepland,tsheplandau@phoca.cz,Male
392,Fernandina,Malyon,fmalyonav@gmpg.org,Female
393,Adlai,Beardsdale,abeardsdaleaw@diigo.com,Male
394,Risa,Pettingall,rpettingallax@de.vu,Female
395,Kipp,Ludl,kludlay@sogou.com,Male
396,Culley,Pengilly,cpengillyaz@gnu.org,Agender
397,Calley,Whissell,cwhissellb0@salon.com,Female
398,Gilbert,Slocumb,gslocumbb1@linkedin.com,Male
399,Stacy,Kirkup,skirkupb2@ucsd.edu,Female
400,Lothario,Atwool,latwoolb3@tinyurl.com,Male
401,Linn,Vickerman,lvickermanb4@hp.com,Female
402,Leodora,Flaherty,lflahertyb5@abc.net.au,Female
403,Buckie,Yarrington,byarringtonb6@sakura.ne.jp,Male
404,Kellyann,Swadon,kswadonb7@washington.edu,Female
405,Davidde,Antic,danticb8@npr.org,Male
406,Talbot,Fishe,tfisheb9@mediafire.com,Male
407,Waylon,Halford,whalfordba@blogs.com,Male
408,Rolando,Giannini,rgianninibb@ebay.com,Male
409,Alla,Rosenfarb,arosenfarbbc@t.co,Female
410,Jillian,Rigge,jriggebd@wsj.com,Female
411,Maye,VanBrugh,mvanbrughbe@acquirethisname.com,Genderfluid
412,Reinhold,Druitt,rdruittbf@telegraph.co.uk,Male
413,Franny,Wintle,fwintlebg@hhs.gov,Female
414,Kearney,Galliard,kgalliardbh@wikimedia.org,Male
415,Kincaid,Fulle,kfullebi@wired.com,Male
416,Amity,Cerro,acerrobj@google.fr,Female
417,Giulia,Janouch,gjanouchbk@wikimedia.org,Female
418,Shawna,Friedank,sfriedankbl@naver.com,Female
419,Trenna,Gymblett,tgymblettbm@shinystat.com,Female
420,Cord,Charville,ccharvillebn@meetup.com,Male
421,Whittaker,Mash,wmashbo@globo.com,Male
422,Larine,Banke,lbankebp@omniture.com,Female
423,Jaynell,Van Merwe,jvanmerwebq@amazon.de,Female
424,Paulina,Garred,pgarredbr@pinterest.com,Female
425,Jake,McClaurie,jmcclauriebs@privacy.gov.au,Male
426,Marilyn,Adamolli,madamollibt@dagondesign.com,Female
427,Berkie,Bester,bbesterbu@seesaa.net,Bigender
428,Lauretta,Scamal,lscamalbv@bloglovin.com,Female
429,Edi,Lorden,elordenbw@163.com,Female
430,Carrie,Menure,cmenurebx@plala.or.jp,Bigender
431,Dacey,Wealthall,dwealthallby@tinyurl.com,Female
432,Baryram,Eneas,beneasbz@java.com,Male
433,Ban,Face,bfacec0@hc360.com,Male
434,Cobbie,Puckey,cpuckeyc1@fotki.com,Non-binary
435,Cody,Agge,caggec2@nih.gov,Male
436,Perle,Rockhill,prockhillc3@cpanel.net,Female
437,Devina,Gallie,dgalliec4@cafepress.com,Female
438,Odie,Alenov,oalenovc5@netlog.com,Male
439,Thaddeus,O'Connor,toconnorc6@so-net.ne.jp,Male
440,Barnabas,Lindfors,blindforsc7@china.com.cn,Male
441,Caleb,Le Blond,cleblondc8@washingtonpost.com,Male
442,Lark,Pikett,lpikettc9@google.fr,Female
443,Caron,Durdy,cdurdyca@privacy.gov.au,Female
444,Katey,Braddick,kbraddickcb@forbes.com,Female
445,Ewan,Le Gallo,elegallocc@wp.com,Male
446,Tildy,Guillon,tguilloncd@soundcloud.com,Female
447,Aleda,Seiler,aseilerce@myspace.com,Female
448,Gifford,Lanchbury,glanchburycf@list-manage.com,Male
449,Ira,Greenhead,igreenheadcg@tumblr.com,Male
450,Oralie,Jancic,ojancicch@bbc.co.uk,Female
451,Stephenie,De Normanville,sdenormanvilleci@hexun.com,Female
452,Bo,Clemens,bclemenscj@psu.edu,Male
453,Basia,Aitken,baitkenck@nsw.gov.au,Female
454,Asher,Itzkovich,aitzkovichcl@behance.net,Male
455,Brien,Boniface,bbonifacecm@123-reg.co.uk,Male
456,Orlan,Nelhams,onelhamscn@facebook.com,Male
457,Deidre,Pelham,dpelhamco@washingtonpost.com,Female
458,Charin,Hamlet,chamletcp@virginia.edu,Female
459,Valeda,McFetrich,vmcfetrichcq@exblog.jp,Female
460,Gerick,Jarmyn,gjarmyncr@ucla.edu,Male
461,Arlinda,Trewman,atrewmancs@globo.com,Female
462,Benyamin,Neal,bnealct@gov.uk,Male
463,Urbano,Flament,uflamentcu@about.com,Male
464,Dominik,Sirrell,dsirrellcv@mashable.com,Male
465,Jammal,Laverty,jlavertycw@auda.org.au,Male
466,Langston,Sambath,lsambathcx@list-manage.com,Male
467,Mayne,Eslie,mesliecy@mapy.cz,Male
468,Morgen,Paolozzi,mpaolozzicz@123-reg.co.uk,Female
469,Quincy,Rowbury,qrowburyd0@archive.org,Male
470,Emmery,Copnar,ecopnard1@lycos.com,Male
471,Doralynn,Humber,dhumberd2@ask.com,Female
472,Iago,Tomankiewicz,itomankiewiczd3@cnn.com,Male
473,Yoshiko,Mandeville,ymandevilled4@stumbleupon.com,Female
474,Jilli,Fewster,jfewsterd5@nhs.uk,Female
475,Dulce,Illem,dillemd6@buzzfeed.com,Female
476,Wynne,McKennan,wmckennand7@bbb.org,Female
477,Mathian,Mendus,mmendusd8@barnesandnoble.com,Genderqueer
478,Karola,Copner,kcopnerd9@msn.com,Female
479,Jasmina,Marusyak,jmarusyakda@csmonitor.com,Female
480,Gibbie,Gorringe,ggorringedb@ameblo.jp,Male
481,Berti,Nealand,bnealanddc@craigslist.org,Male
482,Benedict,Cleynaert,bcleynaertdd@last.fm,Male
483,Felipa,Kleinberer,fkleinbererde@cam.ac.uk,Female
484,Cathe,Mutter,cmutterdf@alibaba.com,Female
485,Gale,Bredbury,gbredburydg@list-manage.com,Male
486,Freddi,Dikels,fdikelsdh@squarespace.com,Female
487,Hunfredo,Bill,hbilldi@yahoo.com,Male
488,Gian,Spendlove,gspendlovedj@miitbeian.gov.cn,Male
489,Creighton,Connett,cconnettdk@who.int,Male
490,Ave,Gartenfeld,agartenfelddl@wired.com,Male
491,Saul,Westrope,swestropedm@engadget.com,Male
492,Merline,Hariot,mhariotdn@gravatar.com,Female
493,Torr,Matskiv,tmatskivdo@taobao.com,Non-binary
494,Elora,Petkovic,epetkovicdp@google.es,Female
495,Kissiah,Ceyssen,kceyssendq@tuttocitta.it,Female
496,Britt,Birney,bbirneydr@friendfeed.com,Female
497,Stacee,Kubiczek,skubiczekds@cnet.com,Female
498,Erick,Renner,erennerdt@si.edu,Male
499,Harry,Brandel,hbrandeldu@usatoday.com,Male
500,Lambert,Wenn,lwenndv@cam.ac.uk,Male
501,Bent,Balassa,bbalassadw@webnode.com,Male
502,Adella,Harnett,aharnettdx@last.fm,Female
503,Rianon,Lupton,rluptondy@seesaa.net,Female
504,Vitia,Depka,vdepkadz@geocities.jp,Female
505,Blaine,Duplock,bduplocke0@cnn.com,Male
506,Ermin,Skewes,eskewese1@artisteer.com,Male
507,Godwin,Currie,gcurriee2@163.com,Male
508,Pooh,Grisenthwaite,pgrisenthwaitee3@vkontakte.ru,Male
509,Cullie,Canario,ccanarioe4@who.int,Male
510,Flynn,Swanborrow,fswanborrowe5@cbsnews.com,Male
511,Alessandro,Baudry,abaudrye6@nature.com,Male
512,Dale,Jeanet,djeanete7@rambler.ru,Agender
513,Aleta,Amoss,aamosse8@bravesites.com,Female
514,Edlin,Perroni,eperronie9@ed.gov,Male
515,Remy,Alten,raltenea@opera.com,Female
516,Ardeen,Mabley,amableyeb@mtv.com,Female
517,Aliza,Jiri,ajiriec@joomla.org,Agender
518,Tildi,Murphey,tmurpheyed@netlog.com,Bigender
519,Linnell,McCurry,lmccurryee@comsenz.com,Female
520,Lenard,Fulk,lfulkef@economist.com,Male
521,Emmalynn,Batson,ebatsoneg@imgur.com,Agender
522,Terrence,Crickmore,tcrickmoreeh@wikispaces.com,Male
523,Jerad,Cromie,jcromieei@nydailynews.com,Male
524,Hendrika,Tomas,htomasej@japanpost.jp,Female
525,Benedetto,Danne,bdanneek@redcross.org,Male
526,Mab,Allgood,mallgoodel@yandex.ru,Female
527,Goddart,Buntine,gbuntineem@is.gd,Male
528,Brewer,Conduit,bconduiten@oakley.com,Male
529,Catherin,Clougher,ccloughereo@google.co.uk,Female
530,Prudence,Delort,pdelortep@microsoft.com,Female
531,Oriana,Gibbetts,ogibbettseq@sohu.com,Female
532,Sutton,Bagge,sbaggeer@shutterfly.com,Male
533,Urbain,Yarnall,uyarnalles@blogspot.com,Male
534,Raoul,Kliemann,rkliemannet@mysql.com,Male
535,Glenda,Zukierman,gzukiermaneu@paginegialle.it,Female
536,Aileen,Backshell,abackshellev@arstechnica.com,Female
537,Raquel,Curryer,rcurryerew@imageshack.us,Female
538,Micki,Wilby,mwilbyex@psu.edu,Female
539,Boy,Mowle,bmowleey@purevolume.com,Polygender
540,Bride,Jozwicki,bjozwickiez@hud.gov,Female
541,Reeta,Vaney,rvaneyf0@apache.org,Female
542,Jervis,Anstie,janstief1@myspace.com,Male
543,Raine,Choulerton,rchoulertonf2@admin.ch,Female
544,Karlik,Oxbe,koxbef3@flavors.me,Male
545,Lida,Leydon,lleydonf4@mail.ru,Female
546,Heywood,Paulat,hpaulatf5@storify.com,Male
547,Allianora,Roullier,aroullierf6@sciencedaily.com,Female
548,Wittie,Reiling,wreilingf7@columbia.edu,Male
549,Garek,Antrim,gantrimf8@sun.com,Male
550,Terrill,Grumbridge,tgrumbridgef9@unicef.org,Male
551,Loise,Lamb-shine,llambshinefa@simplemachines.org,Female
552,Anderea,Richardt,arichardtfb@mac.com,Female
553,Kathy,Bransdon,kbransdonfc@time.com,Bigender
554,Kally,Fairfoul,kfairfoulfd@constantcontact.com,Female
555,Giselbert,Borgesio,gborgesiofe@blogger.com,Male
556,Carlie,Stringer,cstringerff@seattletimes.com,Female
557,Elia,McPhelim,emcphelimfg@goodreads.com,Male
558,Libbie,Berryann,lberryannfh@desdev.cn,Female
559,Evelin,Orr,eorrfi@xrea.com,Agender
560,Millard,McBean,mmcbeanfj@prlog.org,Male
561,Gaspar,Goldsack,ggoldsackfk@mlb.com,Male
562,Lewie,Kitchaside,lkitchasidefl@mysql.com,Male
563,Mariellen,Jankin,mjankinfm@cocolog-nifty.com,Female
564,Gloriane,Yeell,gyeellfn@desdev.cn,Female
565,Piggy,Kielty,pkieltyfo@devhub.com,Male
566,Zena,Heazel,zheazelfp@telegraph.co.uk,Non-binary
567,Adelheid,Lishman,alishmanfq@uiuc.edu,Female
568,Cortney,Chainey,cchaineyfr@jugem.jp,Female
569,Bidget,Chater,bchaterfs@51.la,Female
570,Link,Branche,lbrancheft@google.com.br,Male
571,Rodrick,Seeler,rseelerfu@usa.gov,Male
572,Derek,Bertelsen,dbertelsenfv@businessinsider.com,Male
573,Katheryn,Drakard,kdrakardfw@1688.com,Female
574,Luz,Crank,lcrankfx@1688.com,Female
575,Arnaldo,Quillinane,aquillinanefy@issuu.com,Non-binary
576,Harp,Rozenzweig,hrozenzweigfz@moonfruit.com,Male
577,Roi,Chivers,rchiversg0@webnode.com,Male
578,Josie,Matyasik,jmatyasikg1@sourceforge.net,Female
579,Gunter,MacPherson,gmacphersong2@gov.uk,Male
580,Nina,Fluck,nfluckg3@goo.gl,Female
581,Ginger,McDugal,gmcdugalg4@yolasite.com,Female
582,Dolf,Aingel,daingelg5@deviantart.com,Male
583,Annabel,Heining,aheiningg6@free.fr,Female
584,Bogey,Jurasz,bjuraszg7@nbcnews.com,Male
585,Rinaldo,Bambrick,rbambrickg8@un.org,Male
586,Lorens,Matus,lmatusg9@mozilla.com,Polygender
587,Hughie,Cronshaw,hcronshawga@infoseek.co.jp,Male
588,Jelene,Whodcoat,jwhodcoatgb@w3.org,Female
589,Adams,Hugonin,ahugoningc@quantcast.com,Male
590,Ella,Predohl,epredohlgd@ed.gov,Female
591,Myrah,Chapple,mchapplege@pbs.org,Female
592,Jason,Lynam,jlynamgf@cbsnews.com,Male
593,Reuben,Enefer,renefergg@opensource.org,Male
594,Teddie,Orthmann,torthmanngh@usatoday.com,Female
595,Ambrosi,Milksop,amilksopgi@springer.com,Male
596,Shanta,Wrinch,swrinchgj@epa.gov,Non-binary
597,Sheelah,Croizier,scroiziergk@addtoany.com,Female
598,Andros,Criag,acriaggl@hatena.ne.jp,Male
599,Deirdre,Siemons,dsiemonsgm@dion.ne.jp,Female
600,Ivory,Kinneally,ikinneallygn@yahoo.com,Female
601,Crysta,Casado,ccasadogo@deliciousdays.com,Female
602,Erick,Danet,edanetgp@nhs.uk,Male
603,Margaretha,Ivanyukov,mivanyukovgq@clickbank.net,Female
604,Janine,Larmouth,jlarmouthgr@joomla.org,Female
605,Hedda,Cooke,hcookegs@t-online.de,Female
606,Melody,Sybry,msybrygt@mapy.cz,Female
607,Shawna,Jura,sjuragu@deviantart.com,Female
608,Marlin,Tick,mtickgv@xrea.com,Genderfluid
609,Waite,Pitbladdo,wpitbladdogw@ucla.edu,Male
610,Corbett,Safhill,csafhillgx@rambler.ru,Male
611,Rois,Bontein,rbonteingy@odnoklassniki.ru,Female
612,Stirling,Jeenes,sjeenesgz@histats.com,Male
613,Derek,Sidaway,dsidawayh0@toplist.cz,Male
614,Zorina,Millier,zmillierh1@usa.gov,Bigender
615,Thorndike,Ewin,tewinh2@pagesperso-orange.fr,Male
616,Jojo,Minthorpe,jminthorpeh3@163.com,Female
617,Camilla,Smullin,csmullinh4@themeforest.net,Non-binary
618,Gardner,Crapper,gcrapperh5@census.gov,Male
619,Anissa,Cecchetelli,acecchetellih6@redcross.org,Female
620,Mordy,Lyosik,mlyosikh7@parallels.com,Male
621,Ulrika,Laraway,ularawayh8@tuttocitta.it,Female
622,Marjorie,Sirl,msirlh9@comsenz.com,Female
623,Arlin,Culkin,aculkinha@ibm.com,Genderqueer
624,Nial,Wimpey,nwimpeyhb@cnbc.com,Male
625,Tommie,Celloni,tcellonihc@pagesperso-orange.fr,Female
626,Ezekiel,Blaksland,eblakslandhd@netlog.com,Male
627,Gardner,Brewood,gbrewoodhe@google.com.hk,Agender
628,Alexei,Elflain,aelflainhf@soundcloud.com,Male
629,Kirk,McWhan,kmcwhanhg@vistaprint.com,Male
630,Jillane,Carless,jcarlesshh@goo.gl,Female
631,Sophey,Gateley,sgateleyhi@jigsy.com,Female
632,Say,Basnett,sbasnetthj@t-online.de,Male
633,Emmey,Durward,edurwardhk@google.de,Female
634,Marion,Hambribe,mhambribehl@squarespace.com,Female
635,Neel,O'Loughane,noloughanehm@washingtonpost.com,Male
636,Naoma,Jennison,njennisonhn@webs.com,Female
637,Chancey,Cotillard,ccotillardho@instagram.com,Non-binary
638,Marline,Docker,mdockerhp@livejournal.com,Female
639,Donica,Janczak,djanczakhq@dmoz.org,Female
640,Jilleen,Landsborough,jlandsboroughhr@globo.com,Female
641,Darell,Gain,dgainhs@histats.com,Female
642,Vernon,Abelevitz,vabelevitzht@google.pl,Male
643,Dulsea,Rubery,druberyhu@gov.uk,Polygender
644,Chucho,Chazelle,cchazellehv@sciencedirect.com,Male
645,Jasen,Foulger,jfoulgerhw@wikia.com,Male
646,Burch,Oldacre,boldacrehx@prweb.com,Male
647,Maude,Gotecliffe,mgotecliffehy@mapquest.com,Agender
648,Olva,Olivella,oolivellahz@si.edu,Female
649,Henry,Topes,htopesi0@webnode.com,Male
650,Tami,O'Hallihane,tohallihanei1@squidoo.com,Female
651,Jamaal,Bromhead,jbromheadi2@clickbank.net,Male
652,Greta,Goodacre,ggoodacrei3@blinklist.com,Female
653,Daryl,Pedley,dpedleyi4@hp.com,Male
654,Rouvin,Puckett,rpucketti5@webmd.com,Bigender
655,Hillary,Skittrall,hskittralli6@wikispaces.com,Male
656,Wilbert,Cavill,wcavilli7@cdc.gov,Male
657,Myrtle,Klausen,mklauseni8@ifeng.com,Female
658,Matthieu,McMorland,mmcmorlandi9@economist.com,Male
659,Lodovico,Huerta,lhuertaia@umn.edu,Genderqueer
660,Evan,Caldecott,ecaldecottib@yolasite.com,Male
661,Evelina,Labroue,elabroueic@squarespace.com,Female
662,Teddie,Benedite,tbenediteid@apache.org,Female
663,Marcus,Sander,msanderie@sphinn.com,Male
664,Tucker,Beckensall,tbeckensallif@google.com.au,Male
665,Danya,Mallabar,dmallabarig@home.pl,Female
666,Karee,Fassum,kfassumih@moonfruit.com,Female
667,Angie,Tatersale,atatersaleii@addtoany.com,Female
668,Engelbert,Hamper,ehamperij@goo.gl,Male
669,Ulrike,Burdfield,uburdfieldik@reuters.com,Female
670,Risa,Aspital,raspitalil@gmpg.org,Female
671,Ingrim,Gurys,igurysim@de.vu,Male
672,Grantley,Rabjohn,grabjohnin@reference.com,Male
673,Armin,Fuzzard,afuzzardio@prweb.com,Genderqueer
674,Rosina,Clemonts,rclemontsip@facebook.com,Female
675,Cos,Pavese,cpaveseiq@archive.org,Male
676,Druci,O'Haire,dohaireir@webs.com,Female
677,Walt,Tolman,wtolmanis@ameblo.jp,Male
678,Cord,Paniman,cpanimanit@csmonitor.com,Male
679,Alayne,Gorling,agorlingiu@opensource.org,Female
680,Terrijo,Robbins,trobbinsiv@nature.com,Female
681,Yves,Turpin,yturpiniw@admin.ch,Genderfluid
682,Fin,Schroeder,fschroederix@spiegel.de,Male
683,Royce,Wackley,rwackleyiy@exblog.jp,Male
684,Polly,Huison,phuisoniz@mtv.com,Female
685,Kelcie,Mackin,kmackinj0@zimbio.com,Female
686,Maribeth,Van der Velde,mvanderveldej1@delicious.com,Genderfluid
687,Lyndsey,Janeczek,ljaneczekj2@harvard.edu,Female
688,Anna-diana,Kennally,akennallyj3@dell.com,Female
689,Jaimie,Poate,jpoatej4@livejournal.com,Polygender
690,Godwin,Billson,gbillsonj5@toplist.cz,Male
691,Sondra,Noblet,snobletj6@ovh.net,Female
692,Revkah,Agnew,ragnewj7@ox.ac.uk,Female
693,Edwin,Hixley,ehixleyj8@yellowpages.com,Male
694,Pepi,Tixall,ptixallj9@apache.org,Female
695,Dani,Moorton,dmoortonja@theguardian.com,Genderfluid
696,Gordan,Seeking,gseekingjb@dyndns.org,Male
697,Vance,Sisselot,vsisselotjc@aboutads.info,Agender
698,Karel,Prew,kprewjd@ft.com,Male
699,Weidar,Crossgrove,wcrossgroveje@e-recht24.de,Male
700,Ashlie,Benmore,abenmorejf@phoca.cz,Female
701,Vanya,Gregor,vgregorjg@kickstarter.com,Female
702,Alikee,Celand,acelandjh@edublogs.org,Genderqueer
703,Fedora,Hindmore,fhindmoreji@ow.ly,Female
704,Lela,Rye,lryejj@washingtonpost.com,Female
705,Corny,Adanet,cadanetjk@noaa.gov,Female
706,Sheba,Readett,sreadettjl@devhub.com,Female
707,Ruby,Aldwick,raldwickjm@usgs.gov,Male
708,Maddie,Top,mtopjn@google.it,Female
709,Palmer,Maskill,pmaskilljo@smugmug.com,Male
710,Felice,Antonomoli,fantonomolijp@usda.gov,Male
711,Luci,Jikylls,ljikyllsjq@feedburner.com,Polygender
712,Imogene,Gobat,igobatjr@technorati.com,Female
713,Bruce,Cohrs,bcohrsjs@rakuten.co.jp,Male
714,Granthem,Dade,gdadejt@illinois.edu,Male
715,Anson,Mabey,amabeyju@theglobeandmail.com,Male
716,Jillie,Rumens,jrumensjv@newsvine.com,Female
717,Vaughan,D'Alesco,vdalescojw@seesaa.net,Male
718,Tonye,Augur,taugurjx@indiatimes.com,Female
719,Cassandra,Lohan,clohanjy@japanpost.jp,Female
720,Marnie,Cattrall,mcattralljz@meetup.com,Female
721,Traver,Butterwick,tbutterwickk0@sun.com,Male
722,Rianon,Halewood,rhalewoodk1@springer.com,Genderqueer
723,Carmina,Cowey,ccoweyk2@miitbeian.gov.cn,Female
724,Corrine,Schaumann,cschaumannk3@i2i.jp,Female
725,Kinsley,Pratchett,kpratchettk4@huffingtonpost.com,Male
726,Ardelle,Smalley,asmalleyk5@nbcnews.com,Female
727,Lou,Seymark,lseymarkk6@w3.org,Female
728,Almeta,Poulett,apoulettk7@51.la,Female
729,Trip,Dowey,tdoweyk8@cmu.edu,Bigender
730,Clarice,Wrotham,cwrothamk9@moonfruit.com,Female
731,Catherine,MacCafferky,cmaccafferkyka@slideshare.net,Female
732,Jeffry,Ding,jdingkb@miibeian.gov.cn,Male
733,Calla,Pikesley,cpikesleykc@tinyurl.com,Female
734,Brenn,Ondrak,bondrakkd@dyndns.org,Female
735,Christabella,Tewkesbury,ctewkesburyke@webeden.co.uk,Female
736,Eddie,Woolland,ewoollandkf@flavors.me,Male
737,Clive,Mucklo,cmucklokg@booking.com,Genderfluid
738,Linus,Graber,lgraberkh@ucoz.com,Male
739,Merv,Dalla,mdallaki@livejournal.com,Male
740,Kristin,Lawrenson,klawrensonkj@xinhuanet.com,Female
741,Marline,Bellew,mbellewkk@delicious.com,Female
742,Dru,Tills,dtillskl@miitbeian.gov.cn,Male
743,Natka,O'Malley,nomalleykm@foxnews.com,Female
744,Donavon,Theurer,dtheurerkn@ihg.com,Male
745,Noellyn,Brilleman,nbrillemanko@bluehost.com,Agender
746,Leif,Martynka,lmartynkakp@blogtalkradio.com,Male
747,Karil,Hammerson,khammersonkq@princeton.edu,Female
748,Dyna,Moorhouse,dmoorhousekr@mail.ru,Female
749,Kahaleel,Fforde,kffordeks@list-manage.com,Male
750,Mick,Rampley,mrampleykt@pcworld.com,Male
751,Harriette,De Zuani,hdezuaniku@forbes.com,Female
752,Pierette,Cayzer,pcayzerkv@sohu.com,Non-binary
753,Lemmy,Kalberer,lkalbererkw@google.it,Male
754,Mace,De Ruggiero,mderuggierokx@smugmug.com,Male
755,Tomas,Gohier,tgohierky@deviantart.com,Male
756,Pansie,Maddern,pmaddernkz@taobao.com,Bigender
757,Kelcy,Huccaby,khuccabyl0@desdev.cn,Female
758,Boothe,Witard,bwitardl1@miibeian.gov.cn,Male
759,Waylen,Klimushev,wklimushevl2@flavors.me,Male
760,Fee,Casserly,fcasserlyl3@loc.gov,Male
761,Olimpia,Farrear,ofarrearl4@pagesperso-orange.fr,Female
762,Brianne,Penketh,bpenkethl5@mozilla.com,Bigender
763,Kevin,Worters,kwortersl6@redcross.org,Male
764,Forester,Isakov,fisakovl7@addthis.com,Male
765,Augustina,Powell,apowelll8@linkedin.com,Non-binary
766,Phelia,Yorath,pyorathl9@webnode.com,Female
767,Hyacinthe,Rawlison,hrawlisonla@seattletimes.com,Female
768,Reeva,Toffalo,rtoffalolb@mit.edu,Female
769,Ignacio,Sweatman,isweatmanlc@paypal.com,Male
770,Dyna,McKerlie,dmckerlield@cam.ac.uk,Female
771,Gerrie,Ilive,gilivele@w3.org,Bigender
772,Carina,Bethell,cbethelllf@artisteer.com,Female
773,Budd,Parsley,bparsleylg@fastcompany.com,Genderfluid
774,Curtice,Jakoubec,cjakoubeclh@cyberchimps.com,Male
775,Rolph,Trood,rtroodli@nhs.uk,Male
776,Laney,Jelly,ljellylj@godaddy.com,Male
777,Andy,Moggan,amogganlk@thetimes.co.uk,Male
778,Evie,Allderidge,eallderidgell@cnn.com,Female
779,Emmeline,Pettegre,epettegrelm@devhub.com,Genderfluid
780,Yankee,Wetheril,ywetherilln@webeden.co.uk,Male
781,Teddi,Grent,tgrentlo@imdb.com,Female
782,Gregoor,Citrine,gcitrinelp@cnn.com,Male
783,Emelen,Rainy,erainylq@imdb.com,Male
784,Suellen,Ladel,sladellr@github.io,Female
785,Tobi,Vinecombe,tvinecombels@furl.net,Female
786,Lothaire,Faltin,lfaltinlt@webmd.com,Male
787,Dorthea,Areles,dareleslu@about.com,Female
788,Vittoria,Lago,vlagolv@1688.com,Female
789,Heindrick,Grinikhinov,hgrinikhinovlw@blogs.com,Male
790,Chrisy,Greenhall,cgreenhalllx@about.com,Male
791,Inglis,Panyer,ipanyerly@yolasite.com,Male
792,Allissa,Hackworthy,ahackworthylz@dailymotion.com,Female
793,Ced,Bottjer,cbottjerm0@google.com.au,Male
794,Nikolas,Morby,nmorbym1@who.int,Male
795,Darill,Cottier,dcottierm2@google.de,Male
796,Nixie,Tevelov,ntevelovm3@usnews.com,Female
797,Cristie,Orbine,corbinem4@arizona.edu,Bigender
798,Bunni,Lawrenz,blawrenzm5@addthis.com,Female
799,Starr,Cocci,scoccim6@deliciousdays.com,Female
800,Denice,Allaway,dallawaym7@opensource.org,Non-binary
801,Onfroi,McAlpin,omcalpinm8@facebook.com,Polygender
802,Irena,Vautre,ivautrem9@vimeo.com,Non-binary
803,Marysa,Hartles,mhartlesma@twitter.com,Female
804,Leora,Rozenzweig,lrozenzweigmb@cbc.ca,Female
805,Samuele,Grassett,sgrassettmc@clickbank.net,Male
806,Sherry,Dillingham,sdillinghammd@economist.com,Female
807,Claresta,Percifer,cperciferme@stumbleupon.com,Female
808,Silvio,Costall,scostallmf@w3.org,Male
809,Tiphanie,Aslen,taslenmg@marketwatch.com,Female
810,Hedwig,Greatorex,hgreatorexmh@msn.com,Female
811,Phyllida,Barnard,pbarnardmi@oaic.gov.au,Female
812,Mariquilla,Rodgier,mrodgiermj@unblog.fr,Polygender
813,Ailina,Liffey,aliffeymk@wordpress.org,Female
814,Dwayne,Maasze,dmaaszeml@springer.com,Male
815,Roda,Dyerson,rdyersonmm@hc360.com,Female
816,Gaston,Stolze,gstolzemn@gmpg.org,Male
817,Herta,Fletham,hflethammo@istockphoto.com,Female
818,Jameson,Baccus,jbaccusmp@elegantthemes.com,Male
819,Kelly,Bowling,kbowlingmq@nifty.com,Female
820,Pinchas,Briers,pbriersmr@mit.edu,Male
821,Jackson,Bagger,jbaggerms@t-online.de,Male
822,Tandie,Ousley,tousleymt@alibaba.com,Female
823,Raina,Goomes,rgoomesmu@reddit.com,Female
824,Robinetta,Rennolds,rrennoldsmv@wikimedia.org,Female
825,Leigh,Mepsted,lmepstedmw@desdev.cn,Female
826,Marchelle,Frie,mfriemx@fda.gov,Female
827,Ravid,Emmitt,remmittmy@exblog.jp,Male
828,Anetta,Terron,aterronmz@amazon.co.uk,Female
829,Theodore,Nottle,tnottlen0@blogs.com,Male
830,Esma,MacPhee,emacpheen1@list-manage.com,Female
831,Innis,Ghirigori,ighirigorin2@tumblr.com,Male
832,Minnnie,Penniall,mpennialln3@buzzfeed.com,Female
833,Fabien,Bloggett,fbloggettn4@narod.ru,Male
834,Saxon,Moorhouse,smoorhousen5@newsvine.com,Male
835,Gunter,Deinhard,gdeinhardn6@g.co,Male
836,Candis,Swanton,cswantonn7@cbc.ca,Female
837,Dur,Gateland,dgatelandn8@harvard.edu,Male
838,Horst,Tindley,htindleyn9@indiegogo.com,Male
839,Jilly,Wandtke,jwandtkena@parallels.com,Female
840,Dov,Wasling,dwaslingnb@indiatimes.com,Male
841,Jacqueline,Harwick,jharwicknc@youtube.com,Female
842,Pammie,Brinklow,pbrinklownd@twitpic.com,Female
843,Margareta,Nerval,mnervalne@uol.com.br,Female
844,Rocky,Dixcey,rdixceynf@parallels.com,Male
845,Carlen,Sharland,csharlandng@who.int,Female
846,Godfrey,McSharry,gmcsharrynh@dot.gov,Male
847,Madalyn,Dunphy,mdunphyni@facebook.com,Female
848,Reinald,Whybrow,rwhybrownj@amazonaws.com,Male
849,Lauritz,Sangra,lsangrank@springer.com,Male
850,Buiron,Terrington,bterringtonnl@oaic.gov.au,Male
851,Laney,Newburn,lnewburnnm@cornell.edu,Female
852,Christos,Gatecliffe,cgatecliffenn@trellian.com,Male
853,Jeffy,Ashness,jashnessno@google.ca,Male
854,Sherwynd,Turmall,sturmallnp@wix.com,Male
855,Sasha,Zukierman,szukiermannq@senate.gov,Male
856,Freddi,Ranahan,franahannr@so-net.ne.jp,Female
857,Sheena,Pordal,spordalns@list-manage.com,Female
858,Rachele,Pass,rpassnt@phoca.cz,Non-binary
859,Gordy,Quincey,gquinceynu@ning.com,Male
860,Lilyan,Maylard,lmaylardnv@typepad.com,Female
861,Godfree,Ingree,gingreenw@bloomberg.com,Male
862,Bernadina,Dykins,bdykinsnx@icq.com,Female
863,Rozele,Prangnell,rprangnellny@miitbeian.gov.cn,Female
864,Babs,Basson,bbassonnz@sourceforge.net,Female
865,Dunn,Rignall,drignallo0@slate.com,Male
866,Sigfried,Samson,ssamsono1@hc360.com,Male
867,Bryan,McCorkindale,bmccorkindaleo2@slideshare.net,Male
868,Manfred,Silverlock,msilverlocko3@ft.com,Male
869,Lanny,Samart,lsamarto4@t-online.de,Male
870,Evy,Stallon,estallono5@reuters.com,Female
871,Farra,Doncom,fdoncomo6@about.me,Female
872,Brenn,McErlaine,bmcerlaineo7@disqus.com,Female
873,Hartley,Walbrun,hwalbruno8@twitter.com,Genderfluid
874,Cully,Bursnall,cbursnallo9@edublogs.org,Male
875,Heda,Dubery,hduberyoa@t-online.de,Female
876,Sofie,Rois,sroisob@chronoengine.com,Female
877,Antoni,Billitteri,abillitterioc@fotki.com,Male
878,Tammi,Waterhous,twaterhousod@scribd.com,Female
879,Tiena,Connold,tconnoldoe@pcworld.com,Female
880,Davidson,Troy,dtroyof@marriott.com,Male
881,Charis,Nanni,cnanniog@webnode.com,Female
882,Lek,Waddams,lwaddamsoh@ihg.com,Male
883,Jennica,Hodges,jhodgesoi@yahoo.com,Genderfluid
884,Marquita,Riedel,mriedeloj@ox.ac.uk,Female
885,Walden,Billington,wbillingtonok@eepurl.com,Male
886,Monroe,Teideman,mteidemanol@nba.com,Male
887,Hobart,Munns,hmunnsom@liveinternet.ru,Agender
888,Conant,Emmott,cemmotton@bravesites.com,Male
889,Opaline,Scholefield,oscholefieldoo@icio.us,Female
890,Bud,Middle,bmiddleop@yale.edu,Male
891,Puff,Dunderdale,pdunderdaleoq@columbia.edu,Non-binary
892,Audry,Leahey,aleaheyor@marriott.com,Female
893,Elianora,Dickenson,edickensonos@shinystat.com,Female
894,Wain,Frontczak,wfrontczakot@gravatar.com,Male
895,Julietta,Orht,jorhtou@blog.com,Bigender
896,Ardyth,Foort,afoortov@networksolutions.com,Polygender
897,Malanie,Fernandes,mfernandesow@ycombinator.com,Female
898,Anna,Ferraraccio,aferraraccioox@ucla.edu,Female
899,Atlanta,Pockey,apockeyoy@ibm.com,Female
900,Faber,Braffington,fbraffingtonoz@arizona.edu,Male
901,Anson,Rosenfelt,arosenfeltp0@slate.com,Male
902,Tessie,Miquelet,tmiqueletp1@time.com,Female
903,Cacilia,Peart,cpeartp2@biglobe.ne.jp,Female
904,Shalom,Giannini,sgianninip3@altervista.org,Genderfluid
905,Jennine,Cobden,jcobdenp4@tinypic.com,Female
906,Rodie,Hirtz,rhirtzp5@narod.ru,Female
907,Catie,Kennerknecht,ckennerknechtp6@boston.com,Female
908,Livia,Hamsson,lhamssonp7@wiley.com,Female
909,Grantley,Matschuk,gmatschukp8@sphinn.com,Male
910,Heinrick,Cosgrove,hcosgrovep9@goo.gl,Male
911,Gasparo,Smedmore,gsmedmorepa@moonfruit.com,Male
912,Chrissy,Davidsen,cdavidsenpb@wikia.com,Male
913,Natal,Gubbin,ngubbinpc@forbes.com,Male
914,Frederich,Fairholme,ffairholmepd@is.gd,Male
915,Zack,Runnalls,zrunnallspe@webmd.com,Male
916,Saba,Towl,stowlpf@google.pl,Female
917,Holli,Firman,hfirmanpg@com.com,Female
918,Milena,Stanners,mstannersph@hexun.com,Agender
919,Jeff,Dominelli,jdominellipi@chron.com,Male
920,Lindy,MacGiolla Pheadair,lmacgiollapheadairpj@hibu.com,Female
921,Harriot,Bolesworth,hbolesworthpk@tumblr.com,Female
922,Mackenzie,Dubble,mdubblepl@mtv.com,Male
923,Corrinne,Opy,copypm@miitbeian.gov.cn,Female
924,Corly,Haston,chastonpn@cam.ac.uk,Female
925,Haslett,Ronald,hronaldpo@usa.gov,Male
926,Alex,Kenforth,akenforthpp@artisteer.com,Female
927,Alanna,Workes,aworkespq@ucoz.ru,Female
928,Francklyn,Schooley,fschooleypr@alexa.com,Male
929,Humphrey,Griffith,hgriffithps@xing.com,Male
930,Mortimer,Glandfield,mglandfieldpt@last.fm,Male
931,Tyson,Annable,tannablepu@gmpg.org,Male
932,Eb,Kerwen,ekerwenpv@illinois.edu,Male
933,Garey,Fintoph,gfintophpw@cbsnews.com,Male
934,Augy,Edlestone,aedlestonepx@goo.gl,Male
935,Sherie,O'Sherrin,sosherrinpy@reddit.com,Genderqueer
936,Freddie,Sainer,fsainerpz@dmoz.org,Female
937,Cleveland,Glaum,cglaumq0@example.com,Male
938,Horton,Tunno,htunnoq1@yellowbook.com,Male
939,Celka,Kivits,ckivitsq2@weather.com,Genderfluid
940,Sacha,Beamiss,sbeamissq3@wikia.com,Female
941,Clara,Summerton,csummertonq4@smh.com.au,Female
942,Giselbert,Wedlock,gwedlockq5@mtv.com,Male
943,Dareen,Quant,dquantq6@newyorker.com,Female
944,Carree,Andreia,candreiaq7@timesonline.co.uk,Female
945,Dillie,Whittuck,dwhittuckq8@sciencedirect.com,Male
946,Marlowe,Rummer,mrummerq9@cbslocal.com,Male
947,Carver,Gartan,cgartanqa@skype.com,Male
948,Andreas,Noden,anodenqb@reuters.com,Male
949,Ayn,Colt,acoltqc@illinois.edu,Female
950,Nesta,Alven,nalvenqd@kickstarter.com,Female
951,Alverta,De Ferraris,adeferrarisqe@a8.net,Female
952,Lee,Godbold,lgodboldqf@paypal.com,Male
953,Stafford,Marte,smarteqg@pcworld.com,Male
954,Arthur,Stanistreet,astanistreetqh@liveinternet.ru,Male
955,Elfrida,Wetwood,ewetwoodqi@umn.edu,Female
956,Keelia,Creese,kcreeseqj@ovh.net,Female
957,Bram,Bills,bbillsqk@php.net,Male
958,Norah,Bellanger,nbellangerql@lulu.com,Female
959,Doro,Muldowney,dmuldowneyqm@elpais.com,Female
960,Lisle,Linnitt,llinnittqn@i2i.jp,Male
961,Dianna,Melly,dmellyqo@netscape.com,Female
962,Mareah,O'Crotty,mocrottyqp@themeforest.net,Female
963,Sallee,Veasey,sveaseyqq@netlog.com,Female
964,Marcellus,Novakovic,mnovakovicqr@samsung.com,Male
965,Denys,Wincom,dwincomqs@discovery.com,Male
966,Jacquie,Crampsy,jcrampsyqt@linkedin.com,Female
967,Jehu,Quene,jquenequ@answers.com,Male
968,Norrie,Esselen,nesselenqv@foxnews.com,Polygender
969,Morganne,Scaysbrook,mscaysbrookqw@gnu.org,Female
970,Lek,Goodliff,lgoodliffqx@blogspot.com,Male
971,Melesa,Hunnybun,mhunnybunqy@mail.ru,Female
972,Merrick,Blanket,mblanketqz@blinklist.com,Male
973,Sawyere,Philipson,sphilipsonr0@wunderground.com,Male
974,Tildi,Conochie,tconochier1@opensource.org,Genderfluid
975,Stavros,Shafier,sshafierr2@nymag.com,Male
976,Bernita,Gunney,bgunneyr3@4shared.com,Female
977,Feodor,Disdel,fdisdelr4@elpais.com,Male
978,Alick,Mathet,amathetr5@myspace.com,Male
979,Jacob,Puller,jpullerr6@1688.com,Male
980,Cherlyn,Hulke,chulker7@rambler.ru,Female
981,Madelyn,Luckhurst,mluckhurstr8@istockphoto.com,Female
982,Giraud,Edden,geddenr9@123-reg.co.uk,Male
983,Noak,Narraway,nnarrawayra@soundcloud.com,Male
984,Chariot,Chate,cchaterb@twitter.com,Male
985,Lucilia,Roderham,lroderhamrc@netlog.com,Female
986,Flinn,Kahler,fkahlerrd@angelfire.com,Male
987,Sayers,Arnfield,sarnfieldre@cmu.edu,Male
988,Lukas,Grace,lgracerf@xing.com,Polygender
989,Rona,Spilsbury,rspilsburyrg@ycombinator.com,Female
990,Angel,Jerrams,ajerramsrh@cdc.gov,Male
991,Lothaire,Lyard,llyardri@elpais.com,Bigender
992,Willy,Meynell,wmeynellrj@amazon.com,Male
993,Cob,Leverich,cleverichrk@cbc.ca,Male
994,Melloney,Hynde,mhynderl@microsoft.com,Female
995,Iorgo,Crain,icrainrm@e-recht24.de,Male
996,Morris,Leigh,mleighrn@nba.com,Male
997,Madlin,Klausewitz,mklausewitzro@github.com,Genderfluid
998,Donetta,Cliffe,dclifferp@engadget.com,Female
999,Sunshine,Gavini,sgavinirq@redcross.org,Female
1000,Mommy,Greydon,mgreydonrr@twitpic.com,Female
